id,facility_id,year,product,value_tonnes,transport_to,transport_by,export,export_to,reporting_period,source_id,comment
1,COM00003.00,2017,F.coal,,,"Truck, Rail",,,,det_1427,
2,COM00010.00,2015,,530000,,,Yes,North America,,det_2087,
3,COM00010.00,2015,,2000,,,Yes,Europe,,det_2087,
4,COM00010.00,2016,,590000,,,Yes,North America,,det_1371,
5,COM00010.00,2016,,47000,,,Yes,Europe,,det_1371,
6,COM00010.00,2017,,468000,,,Yes,North America,,det_1371,
7,COM00010.00,2017,,10000,,,Yes,Europe,,det_1371,
8,COM00010.00,2018,,3447000,,,No,,,det_1371,2126+1321
9,COM00010.00,2018,,454000,,,Yes,United States,,det_1371,
10,COM00017.00,2019,O.Al,,Ras Al Khair Alumina Refinery,"Road, Rail",No,,,det_1270,
11,COM00032.00,,Me.Al2O3,,Albras,,No,,,det_1161,
12,COM00037.00,2014,F.coal,,,"Rail, Truck",,,,det_1418,
13,COM00039.00,2014,F.coal,,,"Rail, Truck",,,,det_1418,
14,COM00040.00,2012,F.coal,,,"Rail, Truck",,,,det_1419,
15,COM00043.00,2010,Oth.sif,,Monlevade plant,Rail,No,,,det_1823,
16,COM00043.00,2011,Oth.sif,,Monlevade plant,Rail,No,,,det_1923,
17,COM00043.00,2012,Oth.sif,,Monlevade plant,Rail,No,,,det_1922,
18,COM00043.00,2013,Oth.sif,,Monlevade plant,Rail,No,,,det_1220,
19,COM00043.00,2014,Oth.sif,,Monlevade plant,Rail,No,,,det_1221,
20,COM00043.00,2015,Oth.sif,,Monlevade plant,Rail,No,,,det_1921,
21,COM00043.00,2016,Oth.sif,,Monlevade plant,Rail,No,,,det_1920,
22,COM00043.00,2017,Oth.sif,,Monlevade plant,Rail,No,,,det_1919,
23,COM00043.00,2018,Oth.sif,,Monlevade plant,Rail,No,,,det_1918,
24,COM00043.00,2019,Oth.sif,,Monlevade plant,Rail,No,,,det_1218,
25,COM00046.00,2008,Me.Al,101723,,,Yes,,April-March,det_2011,
26,COM00046.00,2009,Me.Al,82317,,,Yes,,April-March,det_2011,
27,COM00046.00,2010,Me.Al,146947,,,Yes,,April-March,det_2010,
28,COM00046.00,2011,Me.Al,98200,,,Yes,,April-March,det_2010,
29,COM00046.00,2012,Me.Al,98399,,,Yes,,April-March,det_2010,
30,COM00046.00,2013,Me.Al,144161,,,Yes,,April-March,det_2010,
31,COM00046.00,2014,Me.Al,101243,,,Yes,,April-March,det_2010,
32,COM00046.00,2015,Me.Al,60752,,,Yes,,April-March,det_2009,
33,COM00046.00,2016,Me.Al,94671,,,Yes,,April-March,det_2009,
34,COM00046.00,2017,Me.Al,100591,,,Yes,,April-March,det_2009,
35,COM00046.00,2018,Me.Al,75847,,,Yes,,April-March,det_2009,
36,COM00046.00,2019,Me.Al,38463,,,Yes,,April-March,det_2009,
37,COM00048.00,2019,Con.Cu,,Huarmey port,Pipeline,,,,det_1608,
38,COM00048.00,2019,Con.Zn,,Huarmey port,Pipeline,,,,det_1608,
39,COM00048.00,2019,Me.Mo,,Huarmey port,Road,,,,det_1608,
40,COM00048.00,2019,,,Huarmey port,Road,,,,det_1608,
41,COM00057.00,2016,,54672,,,Yes,,,det_1388,
42,COM00057.00,2017,,62450,,,Yes,,,det_1388,
43,COM00057.00,2018,,81899,,,Yes,,,det_1388,
44,COM00059.00,2019,,,,"Rail, Lake vessels, Road",,,,det_1218,
45,COM00063.00,2019,,,,"Sea, Rail, Road",,,,det_1218,
46,COM00067.00,2018,,,,"Road, Air",,,,det_1065,
47,COM00071.00,2020,F.coal,,NPLCT (North Pulau Laut Coal Terminal),,,,,det_1510,
48,COM00073.00,2011,Con.Fe,300000,Temirtau steel plant,Rail,No,,,det_1923,
49,COM00073.00,2012,Con.Fe,440000,Temirtau steel plant,Rail,No,,,det_1922,
50,COM00073.00,2013,Con.Fe,400000,Temirtau steel plant,Rail,No,,,det_1220,
51,COM00073.00,2014,Con.Fe,400000,Temirtau steel plant,Rail,No,,,det_1221,
52,COM00073.00,2015,Con.Fe,400000,Temirtau steel plant,Rail,No,,,det_1921,
53,COM00073.00,2016,Con.Fe,500000,Temirtau steel plant,Rail,No,,,det_1920,
54,COM00073.00,2017,Con.Fe,500000,Temirtau steel plant,Rail,No,,,det_1919,
55,COM00073.00,2018,Con.Fe,500000,Temirtau steel plant,Rail,No,,,det_1918,
56,COM00073.00,2019,Con.Fe,600000,Temirtau steel plant,Rail,No,,,det_1218,
57,COM00074.00,2011,Con.Fe,1200000,Temirtau steel plant,Rail,No,,,det_1923,
58,COM00074.00,2012,Con.Fe,640000,Temirtau steel plant,Rail,No,,,det_1922,
59,COM00074.00,2013,Con.Fe,600000,Temirtau steel plant,Rail,No,,,det_1220,
60,COM00074.00,2014,Con.Fe,900000,Temirtau steel plant,Rail,No,,,det_1221,
61,COM00074.00,2015,Con.Fe,800000,Temirtau steel plant,Rail,No,,,det_1921,
62,COM00074.00,2016,Con.Fe,800000,Temirtau steel plant,Rail,No,,,det_1920,
63,COM00074.00,2017,Con.Fe,1000000,Temirtau steel plant,Rail,No,,,det_1919,
64,COM00074.00,2018,Con.Fe,800000,Temirtau steel plant,Rail,No,,,det_1918,
65,COM00074.00,2019,Con.Fe,900000,Temirtau steel plant,Rail,No,,,det_1218,
66,COM00084.00,2019,,,,Road,,,,det_1167,
67,COM00109.00,2019,F.coal,,,"Rail, Truck",,,,det_2144,
68,COM00113.00,2019,F.coc,,,Rail,,,,det_1399,
69,COM00118.00,2018,F.coal,,,"Truck, Barge",,,,det_1431,
70,COM00128.00,2017,F.coal,,,Rail,,,,det_1427,
71,COM00141.00,2019,F.stc,,,Rail,,,,det_1399,
72,COM00142.00,2012,F.coal,,,"Rail, Truck",,,,det_1419,
73,COM00143.00,,F.coc,,"Hay Point port, Gladstone port, Dalrymple Bay port, Abbot Point port",Rail,,,,det_1608,
74,COM00150.00,2006,O.Al,,Korba,Road,No,,,det_2012,
75,COM00150.00,2007,O.Al,,Korba,Road,No,,,det_2012,
76,COM00150.00,2008,O.Al,,Korba,Road,No,,,det_1689,
77,COM00150.00,2009,O.Al,,Korba,Road,No,,,det_1689,
78,COM00150.00,2010,O.Al,,Korba,Road,No,,,det_1689,
79,COM00150.00,2011,O.Al,,Korba,Road,No,,,det_1308,
80,COM00150.00,2012,O.Al,,Korba,Road,No,,,det_1308,
81,COM00150.00,2013,O.Al,,Korba,Road,No,,,det_1308,
82,COM00150.00,2014,O.Al,,Korba,Road,No,,,det_1309,
83,COM00150.00,2015,O.Al,,Korba,Road,No,,,det_1309,
84,COM00150.00,2016,O.Al,,Korba,Road,No,,,det_1309,
85,COM00150.00,2017,O.Al,,Korba,Road,No,,,det_1307,
86,COM00150.00,2018,O.Al,,Korba,Road,No,,,det_1307,
87,COM00150.00,2019,O.Al,,Korba,Road,No,,,det_1307,
88,COM00154.00,,F.coc,,Port of Newcastle,,,,,det_1543,
89,COM00170.00,,F.coc,,"Hay Point port, Gladstone port, Dalrymple Bay port, Abbot Point port",Rail,,,,det_1608,
90,COM00176.00,2015,F.coal,,,"Rail, Truck",,,,det_1416,
91,COM00177.00,2017,F.coal,,,"Truck, Rail",,,,det_1427,
92,COM00178.00,2019,Con.Cu,,La Caridad,"Rail, Truck",no,,,det_1014,
93,COM00178.00,,Con.Cu,,Guaymas port,"Rail, Truck",yes,,,det_1014,
94,COM00180.00,,,,,"Air, Road",,,,det_1681,
95,COM00182.00,2019,,,,"Rail, Lake vessels, Road",,,,det_1218,
96,COM00186.00,,,,,"Air, Road",,,,det_1681,
97,COM00189.00,2019,F.coal,,,Rail,,,,det_2144,
98,COM00191.00,2018,F.coal,,,"Truck, Rail, Barge",,,,det_1431,
99,COM00192.00,2009,O.Ni,195861,,,Yes,Japan,,det_2236,Nickel grade: 2.05%
100,COM00192.00,2009,O.Ni,248272,,,Yes,China,,det_2236,Nickel grade: 1.86%
101,COM00192.00,2009,O.Ni,101742,,,Yes,China,,det_2236,Nickel grade: 1.47%
102,COM00192.00,2010,O.Ni,244064,,,Yes,Japan,,det_2236,Nickel grade: 2.01%
103,COM00192.00,2010,O.Ni,321249,,,Yes,China,,det_2236,Nickel grade: 1.86%
104,COM00192.00,2010,O.Ni,330640,,,Yes,China,,det_2236,Nickel grade: 1.51%
105,COM00192.00,2011,O.Ni,130910,,,Yes,Japan,,det_2236,Nickel grade: 1.96%
106,COM00192.00,2011,O.Ni,572871,,,Yes,China,,det_2236,Nickel grade: 1.68%
107,COM00192.00,2011,O.Ni,330262,,,Yes,China,,det_2236,Nickel grade: 1.49%
108,COM00192.00,2012,O.Ni,182730,,,Yes,Japan,,det_2235,Nickel grade: 1.82%
109,COM00192.00,2012,O.Ni,107603,,,Yes,China,,det_2235,Nickel grade: 1.55%
110,COM00192.00,2012,O.Ni,795279,,,Yes,China,,det_2235,Nickel grade: 1.52%
111,COM00192.00,2013,O.Ni,199676,,,Yes,Japan,,det_2235,Nickel grade: 1.82%
112,COM00192.00,2013,O.Ni,150607,,,Yes,China,,det_2235,Nickel grade: 1.76%
113,COM00192.00,2013,O.Ni,538549,,,Yes,China,,det_2235,Nickel grade: 1.37%
114,COM00192.00,2014,O.Ni,249605,,,Yes,Japan,,det_2829,Nickel grade: 1.8%
115,COM00192.00,2014,O.Ni,640000,,,Yes,China,,det_2829,Nickel grade: 1.55%
116,COM00192.00,2014,O.Ni,302297,,,Yes,China,,det_2234,Nickel grade: 1.22%
117,COM00192.00,2014,O.Ni,158397,,,Yes,Australia,,det_2234,Nickel grade: 1.25%
118,COM00192.00,2015,O.Ni,245522,,,Yes,Japan,,det_2829,Nickel grade: 1.76%
119,COM00192.00,2015,O.Ni,482512,,,Yes,China,,det_2829,Nickel grade: 1.5%
120,COM00192.00,2015,O.Ni,1177815,,,Yes,China,,det_2829,Nickel grade: 1.35%
121,COM00192.00,2015,O.Ni,263674,,,Yes,Australia,,det_2829,Nickel grade: 1.15%
122,COM00192.00,2016,O.Ni,251678,,,Yes,Japan,,det_2234,Nickel grade: 1.72%
123,COM00192.00,2016,O.Ni,1287824,,,Yes,China,,det_2234,Nickel grade: 1.48%
124,COM00192.00,2016,O.Ni,526095,,,Yes,China,,det_2234,Nickel grade: 1.21%
125,COM00192.00,2017,O.Ni,150137,,,Yes,Japan,,det_1447,Nickel grade: 1.8%
126,COM00192.00,2017,O.Ni,1534957,,,Yes,China,,det_1447,Nickel grade: 1.45%
127,COM00192.00,2017,O.Ni,165341,,,Yes,China,,det_1447,Nickel grade: 1.22%
128,COM00192.00,2018,O.Ni,251108,,,Yes,Japan,,det_1447,Nickel grade: 1.84%
129,COM00192.00,2018,O.Ni,2376910,,,Yes,China,,det_1447,Nickel grade: 1.53%
130,COM00192.00,2018,O.Ni,10816,Coral Bay Nickel Corporation,,No,,,det_1447,Nickel grade: 1.2%
131,COM00192.00,2019,O.Ni,201881,,,Yes,Japan,,det_1447,Nickel grade: 1.75%
132,COM00192.00,2019,O.Ni,2544238,,,Yes,China,,det_1447,Nickel grade: 1.58%
133,COM00192.00,2019,O.Ni,30709,Coral Bay Nickel Corporation,,No,,,det_1447,Nickel grade: 1.18%
134,COM00197.00,2013,,,,Road,,,,det_1168,
135,COM00199.00,2002,,111000,,,Yes,,,det_2086,
136,COM00199.00,2002,,811000,,,No,,,det_2086,
137,COM00199.00,2003,,83000,,,Yes,,,det_2086,
138,COM00199.00,2003,,852000,,,No,,,det_2086,
139,COM00199.00,2004,,35000,,,Yes,,,det_2084,
140,COM00199.00,2004,,1008000,,,No,,,det_2084,
141,COM00199.00,2005,,35000,,,Yes,,,det_2084,
142,COM00199.00,2005,,1030000,,,No,,,det_2084,
143,COM00199.00,2006,,7000,,,Yes,,,det_2082,
144,COM00199.00,2006,,1112000,,,No,,,det_2082,
145,COM00199.00,2007,,7000,,,Yes,,,det_2082,
146,COM00199.00,2007,,1206000,,,No,,,det_2082,
147,COM00199.00,2008,,3000,,,Yes,,,det_2080,
148,COM00199.00,2008,,1158000,,,No,,,det_2080,
149,COM00199.00,2009,,10000,,,Yes,,,det_2080,
150,COM00199.00,2009,,912000,,,No,,,det_2080,
151,COM00199.00,2010,,2000,,,Yes,,,det_2078,
152,COM00199.00,2010,,669000,,,No,,,det_2078,
153,COM00199.00,2011,,5000,,,Yes,,,det_2078,
154,COM00199.00,2011,,1109000,,,No,,,det_2078,
155,COM00199.00,2012,,2000,,,Yes,,,det_2076,
156,COM00199.00,2012,,1122000,,,No,,,det_2076,
157,COM00199.00,2013,,0,,,Yes,,,det_2076,
158,COM00199.00,2013,,859000,,,No,,,det_2076,
159,COM00199.00,2014,,33000,,,Yes,,,det_2072,
160,COM00199.00,2014,,668000,,,No,,,det_2072,
161,COM00199.00,2015,,65000,,,Yes,,,det_2072,
162,COM00199.00,2015,,654000,,,No,,,det_2072,
163,COM00199.00,2016,,65000,,,Yes,,,det_2071,
164,COM00199.00,2016,,655000,,,No,,,det_2071,
165,COM00199.00,2017,,94000,,,Yes,,,det_2071,
166,COM00199.00,2017,,635000,,,No,,,det_2071,
167,COM00199.00,2018,,169000,,,Yes,,,det_1369,
168,COM00199.00,2018,,581000,,,No,,,det_1369,
169,COM00199.00,2019,,207000,,,Yes,,,det_1369,
170,COM00199.00,2019,,488000,,,No,,,det_1369,
171,COM00204.00,2005,F.coal,,,Rail,,,,det_1423,
172,COM00210.00,2002,Con.Fe,7500000,Presidente Vargas Steelworks,,No,,,det_1939,
173,COM00210.00,2003,Con.Fe,7700000,Presidente Vargas Steelworks,,No,,,det_1938,
174,COM00210.00,2004,Con.Fe,8199999.999999999,Presidente Vargas Steelworks,,No,,,det_1937,
175,COM00210.00,2005,Con.Fe,7400000,Presidente Vargas Steelworks,,No,,,det_1936,
176,COM00210.00,2006,Con.Fe,4800000,Presidente Vargas Steelworks,,No,,,det_1935,
177,COM00210.00,2007,Con.Fe,7100000,Presidente Vargas Steelworks,,No,,,det_1934,
178,COM00210.00,2008,Con.Fe,7700000,Presidente Vargas Steelworks,,No,,,det_1933,
179,COM00210.00,2009,Con.Fe,6400000,Presidente Vargas Steelworks,,No,,,det_1932,
180,COM00210.00,2010,Con.Fe,,Presidente Vargas Steelworks,,No,,,det_1931,
181,COM00210.00,2011,Con.Fe,,Presidente Vargas Steelworks,,No,,,det_1930,
182,COM00210.00,2012,Con.Fe,,Presidente Vargas Steelworks,,No,,,det_1930,
183,COM00210.00,2013,Con.Fe,,Presidente Vargas Steelworks,,No,,,det_1930,
184,COM00210.00,2014,Con.Fe,,Presidente Vargas Steelworks,,No,,,det_1929,
185,COM00210.00,2015,Con.Fe,,Presidente Vargas Steelworks,,No,,,det_1929,
186,COM00210.00,2016,Con.Fe,,Presidente Vargas Steelworks,,No,,,det_1929,
187,COM00210.00,2017,Con.Fe,,Presidente Vargas Steelworks,,No,,,det_1222,
188,COM00210.00,2018,Con.Fe,,Presidente Vargas Steelworks,,No,,,det_1222,
189,COM00210.00,2019,Con.Fe,,Presidente Vargas Steelworks,,No,,,det_1222,
190,COM00215.00,,F.coc,,"Hay Point port, Gladstone port, Dalrymple Bay port, Abbot Point port",Rail,,,,det_1608,
191,COM00217.00,2018,,,,"Road, Air, Sea",,,,det_1065,
192,COM00219.00,2015,Con.Fe,330000,AHMSA Monclova Steel Plant,,No,,,det_2087,
193,COM00219.00,2016,Con.Fe,330000,AHMSA Monclova Steel Plant,,No,,,det_1371,
194,COM00219.00,2017,Con.Fe,240000,AHMSA Monclova Steel Plant,,No,,,det_1371,
195,COM00219.00,2018,Con.Fe,340000,AHMSA Monclova Steel Plant,,No,,,det_1371,
196,COM00224.00,2013,Con.Pb,,Karumba Port,,Yes,"Smelters in Europe, Australia, Asia",,det_2819,
197,COM00224.00,2013,Con.Zn,,Karumba Port,,Yes,"Smelters in Europe, Australia, Asia",,det_2819,
198,COM00225.00,2019,F.sbc,,Puerto Bolivar,Rail,,,,det_1608,
199,COM00233.00,2019,,,,Road,,,,det_1167,
200,COM00253.00,2019,,,,"Road, Rail",,,,det_1167,
201,COM00262.00,2019,O.Ni,,Leinster,Road,No,,,det_1608,
202,COM00264.00,2019,,,,Road,,,,det_1167,
203,COM00265.00,2019,F.stc,,,Rail,,,,det_1399,
204,COM00266.00,2017,F.coal,,,Rail,,,,det_1427,
205,COM00274.00,2015,O.Al,,Paranam,"Road, Ship",No,,,det_1271,
206,COM00276.00,2016,Con.Cu,,"Collahuasi Port Terminal, Patache sector","Pipeline, Sea, Road",,"China, Chile, India, Japan, Brazil, South Korea, Spain, Sweden, Phillipines, Romania, Finland",,det_2821,
207,COM00276.00,2016,Oth.cuca,,,,,"China, South Korea, Italy",,det_2821,
208,COM00280.00,2017,F.coal,,,"Truck, Rail, Conveyor belt",,,,det_1427,
209,COM00287.00,2019,F.coal,,,"Rail, Export Vessel",,,,det_2144,
210,COM00294.00,,,,Goldstrike,,,,,det_2820,
211,COM00298.00,2019,F.lig,,Coyote Station Power Plant,,,,,det_1373,
212,COM00305.00,2000,O.oxi,,Toquepala,Pipeline,No,,,det_1805,
213,COM00305.00,2001,O.oxi,,Toquepala,Pipeline,No,,,det_1805,
214,COM00305.00,2002,O.oxi,,Toquepala,Pipeline,No,,,det_1804,
215,COM00305.00,2003,O.oxi,,Toquepala,Pipeline,No,,,det_1804,
216,COM00305.00,2004,O.oxi,,Toquepala,Pipeline,No,,,det_1804,
217,COM00305.00,2006,O.oxi,,Toquepala,Pipeline,No,,,det_1803,
218,COM00305.00,2009,O.oxi,,Toquepala,Pipeline,No,,,det_1598,
219,COM00305.00,2010,O.oxi,,Toquepala,Pipeline,No,,,det_1598,
220,COM00305.00,2011,O.oxi,,Toquepala,Pipeline,No,,,det_1802,
221,COM00305.00,2012,O.oxi,,Toquepala,Pipeline,No,,,det_1802,
222,COM00305.00,2013,O.oxi,,Toquepala,Pipeline,No,,,det_1802,
223,COM00305.00,2014,O.oxi,,Toquepala,Pipeline,No,,,det_1801,
224,COM00305.00,2018,O.oxi,,Toquepala,Pipeline,No,,,det_1014,
225,COM00305.00,2019,Con.Cu,,ILO,Rail,,,,det_1014,
226,COM00305.00,2019,O.oxi,,Toquepala,Pipeline,No,,,det_1014,
227,COM00306.00,2002,,1411000,,,Yes,,,det_2815,
228,COM00306.00,2003,,1507000,,,Yes,,,det_2815,
229,COM00306.00,2004,,1436000,,,Yes,,,det_2814,
230,COM00306.00,2005,,1530000,,,Yes,,,det_2814,
231,COM00306.00,2006,,1580000,,,Yes,,,det_2813,
232,COM00306.00,2007,,1215000,,,Yes,,,det_2813,
233,COM00309.00,2019,F.coal,,,Blackwater rail link,,,,det_1426,
234,COM00311.00,2008,,859943,,,Yes,,April-March,det_2011,
235,COM00311.00,2009,,851866,,,Yes,,April-March,det_2011,
236,COM00311.00,2010,,702554,,,Yes,,April-March,det_2010,
237,COM00311.00,2011,,639855,,,Yes,,April-March,det_2010,
238,COM00311.00,2012,,792552,,,Yes,,April-March,det_2010,
239,COM00311.00,2013,,944117,,,Yes,,April-March,det_2010,
240,COM00311.00,2014,,1309473,,,Yes,,April-March,det_2010,
241,COM00311.00,2015,,1184595,,,Yes,,April-March,det_2009,
242,COM00311.00,2016,,1174224,,,Yes,,April-March,det_2009,
243,COM00311.00,2017,,1243103,,,Yes,,April-March,det_2009,
244,COM00311.00,2018,,1276775,,,Yes,,April-March,det_2009,
245,COM00311.00,2019,,1244256,,,Yes,,April-March,det_2009,
246,COM00311.00,2020,,,Angul Aluminium Smelter,Rail,No,,,det_2828,
247,COM00311.00,2020,,,Vizag (Andhra Pradesh) port,Rail,No,,,det_2828,
248,COM00313.00,2019,,,Pantnagar,,No,,,det_1307,
249,COM00314.00,2019,,,,"Road, Rail, conveyor",,,,det_1270,
250,COM00314.01,2018,O.Al,,Kwinana Alumina Refinery,"Overland conveyor, Rail",No,,,det_2824,
251,COM00314.01,2018,O.Al,,Pinjarra Alumina Refinery,Overland conveyor,No,,,det_2824,
252,COM00314.02,2018,O.Al,10000000,Wagerup Alumina Refinery,Overland conveyor,No,,,det_2825,
253,COM00319.00,,F.coc,,"Hay Point port, Gladstone port, Dalrymple Bay port, Abbot Point port",Rail,,,,det_1608,
254,COM00332.00,2018,,,,"Air, Ice road",,,,det_1065,
255,COM00334.00,2003,F.coal,,,Barge,,,,det_1425,
256,COM00336.00,2019,,,,"Rail, Lake vessels, Road",,,,det_1218,
257,COM00341.00,2019,F.coal,,,"Rail, Truck, Barge",,,,det_1411,
258,COM00372.00,2019,,,,"Road, Rail",,,,det_1167,
259,COM00378.00,2003,Con.Fe,677000,Guayacán Port,Rail,No,,,det_2086,
260,COM00378.00,2003,Con.Fe,168000,Guayacán Port,Rail,No,,,det_2086,
261,COM00378.00,2003,Con.Fe,1088000,Guayacán Port,Rail,No,,,det_2086,
262,COM00378.00,2004,Con.Fe,705000,Guayacán Port,Rail,No,,,det_2085,
263,COM00378.00,2004,Con.Fe,376000,Guayacán Port,Rail,No,,,det_2085,
264,COM00378.00,2004,Con.Fe,1047000,Guayacán Port,Rail,No,,,det_2085,
265,COM00378.00,2005,Con.Fe,650000,Guayacán Port,Rail,No,,,det_2084,
266,COM00378.00,2005,Con.Fe,343000,Guayacán Port,Rail,No,,,det_2084,
267,COM00378.00,2005,Con.Fe,903000,Guayacán Port,Rail,No,,,det_2084,
268,COM00378.00,2006,Con.Fe,534000,Guayacán Port,Rail,No,,,det_2083,
269,COM00378.00,2006,Con.Fe,241000,Guayacán Port,Rail,No,,,det_2083,
270,COM00378.00,2006,Con.Fe,1511000,Guayacán Port,Rail,No,,,det_2083,
271,COM00378.00,2007,Con.Fe,306000,Guayacán Port,Rail,No,,,det_2082,
272,COM00378.00,2007,Con.Fe,216000,Guayacán Port,Rail,No,,,det_2082,
273,COM00378.00,2007,Con.Fe,1502000,Guayacán Port,Rail,No,,,det_2082,
274,COM00378.00,2008,Con.Fe,171000,Guayacán Port,Rail,No,,,det_2081,
275,COM00378.00,2008,Con.Fe,131000,Guayacán Port,Rail,No,,,det_2081,
276,COM00378.00,2008,Con.Fe,1400000,Guayacán Port,Rail,No,,,det_2081,
277,COM00378.00,2009,Con.Fe,139000,Guayacán Port,Rail,No,,,det_2080,
278,COM00378.00,2009,Con.Fe,66000,Guayacán Port,Rail,No,,,det_2080,
279,COM00378.00,2009,Con.Fe,1594000,Guayacán Port,Rail,No,,,det_2080,
280,COM00378.00,2010,Con.Fe,353000,Guayacán Port,Rail,No,,,det_2079,
281,COM00378.00,2010,Con.Fe,52000,Guayacán Port,Rail,No,,,det_2079,
282,COM00378.00,2010,Con.Fe,1642000,Guayacán Port,Rail,No,,,det_2079,
283,COM00378.00,2011,Con.Fe,953000,Guayacán Port,Rail,No,,,det_2078,
284,COM00378.00,2011,Con.Fe,639000,Guayacán Port,Rail,No,,,det_2078,
285,COM00378.00,2011,Con.Fe,1883000,Guayacán Port,Rail,No,,,det_2078,
286,COM00380.00,2019,F.coal,,,Rail,,,,det_2144,
287,COM00383.00,2019,Con.Fe,,Lazaro Cardenas steel plant,"Rail, Ship",No,,,det_1218,
288,COM00389.00,2012,F.coal,,,Truck,,,,det_1419,
289,COM00390.00,2013,Con.Fe,,"Port at Escanaba, Michigan",Rail,No,,,det_1237,
290,COM00390.00,2014,Con.Fe,,"Port at Escanaba, Michigan",Rail,No,,,det_1234,
291,COM00390.00,2015,Con.Fe,,"Port at Escanaba, Michigan",Rail,No,,,det_1950,
292,COM00390.00,2016,Con.Fe,,"Port at Escanaba, Michigan",Rail,No,,,det_1949,
293,COM00390.00,2017,Con.Fe,,"Port at Escanaba, Michigan",Rail,No,,,det_1235,
294,COM00390.00,2018,Con.Fe,,"Port at Escanaba, Michigan",Rail,No,,,det_1948,
295,COM00390.00,2019,Con.Fe,,"Port at Escanaba, Michigan",Rail,No,,,det_1233,
296,COM00393.00,,F.stc,,Gladstone Power Station,,,,,det_1544,
297,COM00395.01,2002,Con.Cu,,Mount Isa,,No,,,det_2535,
298,COM00395.01,2003,Con.Cu,,Mount Isa,,No,,,det_2535,
299,COM00395.01,2004,Con.Cu,,Mount Isa,,No,,,det_2534,
300,COM00395.01,2005,Con.Cu,,Mount Isa,,No,,,det_2534,
301,COM00395.01,2006,Con.Cu,,Mount Isa,,No,,,det_1182,
302,COM00395.01,2007,Con.Cu,,Mount Isa,,No,,,det_1182,
303,COM00395.01,2008,Con.Cu,,Mount Isa,,No,,,det_1181,
304,COM00395.01,2009,Con.Cu,,Mount Isa,,No,,,det_1181,
305,COM00395.01,2010,Con.Cu,,Mount Isa,,No,,,det_1180,
306,COM00395.01,2011,Con.Cu,,Mount Isa,,No,,,det_1180,
307,COM00395.01,2012,Con.Cu,,Mount Isa,,No,,,det_2758,
308,COM00395.01,2013,Con.Cu,,Mount Isa,,No,,,det_2758,
309,COM00395.01,2014,Con.Cu,,Mount Isa,,No,,,det_2757,
310,COM00395.01,2015,Con.Cu,,Mount Isa,,No,,,det_2757,
311,COM00395.01,2016,Con.Cu,,Mount Isa,,No,,,det_2736,
312,COM00395.01,2017,Con.Cu,,Mount Isa,,No,,,det_2736,
313,COM00395.01,2018,Con.Cu,,Mount Isa,,No,,,det_2737,
314,COM00395.01,2019,Con.Cu,,Mount Isa,,No,,,det_2737,
315,COM00395.02,2002,Me.Cu,,Townsville,,No,,,det_2535,
316,COM00395.02,2003,Me.Cu,,Townsville,,No,,,det_2535,
317,COM00395.02,2004,Me.Cu,,Townsville,,No,,,det_2534,
318,COM00395.02,2005,Me.Cu,,Townsville,,No,,,det_2534,
319,COM00395.02,2006,Me.Cu,,Townsville,,No,,,det_1182,
320,COM00395.02,2007,Me.Cu,,Townsville,,No,,,det_1182,
321,COM00395.02,2008,Me.Cu,,Townsville,,No,,,det_1181,
322,COM00395.02,2009,Me.Cu,,Townsville,,No,,,det_1181,
323,COM00395.02,2010,Me.Cu,,Townsville,,No,,,det_1180,
324,COM00395.02,2011,Me.Cu,,Townsville,,No,,,det_1180,
325,COM00395.02,2012,Me.Cu,,Townsville,,No,,,det_2758,
326,COM00395.02,2013,Me.Cu,,Townsville,,No,,,det_2758,
327,COM00395.02,2014,Me.Cu,,Townsville,,No,,,det_2757,
328,COM00395.02,2015,Me.Cu,,Townsville,,No,,,det_2757,
329,COM00395.02,2016,Me.Cu,,Townsville,,No,,,det_2736,
330,COM00395.02,2017,Me.Cu,,Townsville,,No,,,det_2736,
331,COM00395.02,2018,Me.Cu,,Townsville,,No,,,det_2737,
332,COM00395.02,2019,Me.Cu,,Townsville,,No,,,det_2737,
333,COM00397.00,2018,,,Port at Coloso,"Pipeline, Road, Rail",,,,det_1065,
334,COM00397.00,2019,Con.Cu,,Coloso port,Pipeline,,,,det_1608,
335,COM00397.00,2019,Oth.cuca,,"Antofagasta port, Mejilones port",Rail,,,,det_1608,
336,COM00399.00,2017,F.coal,,,Truck,,,,det_1427,
337,COM00403.00,2012,Con.Fe,546000,Geraldton Port,"Truck, Rail",,,July-June,det_2380,
338,COM00403.00,2012,Con.Fe,298000,Geraldton Port,"Truck, Rail",,,July-June,det_2380,
339,COM00403.00,2013,Con.Fe,1515000,Geraldton Port,"Truck, Rail",,,July-June,det_2379,
340,COM00403.00,2013,Con.Fe,1056000,Geraldton Port,"Truck, Rail",,,July-June,det_2379,
341,COM00403.00,2014,Con.Fe,1643000,Geraldton Port,"Truck, Rail",,,July-June,det_2379,
342,COM00403.00,2014,Con.Fe,1094000,Geraldton Port,"Truck, Rail",,,July-June,det_2379,
343,COM00403.00,2015,Con.Fe,1809000,Geraldton Port,"Truck, Rail",,,July-June,det_2378,
344,COM00403.00,2015,Con.Fe,1420000,Geraldton Port,"Truck, Rail",,,July-June,det_2378,
345,COM00403.00,2016,Con.Fe,1985000,Geraldton Port,"Truck, Rail",,,July-June,det_2378,
346,COM00403.00,2016,Con.Fe,1360000,Geraldton Port,"Truck, Rail",,,July-June,det_2378,
347,COM00403.00,2017,Con.Fe,1939000,Geraldton Port,"Truck, Rail",,,July-June,det_2377,
348,COM00403.00,2017,Con.Fe,801000,Geraldton Port,"Truck, Rail",,,July-June,det_2377,
349,COM00403.00,2018,Con.Fe,2058000,Geraldton Port,"Truck, Rail",,,July-June,det_2377,
350,COM00403.00,2018,Con.Fe,1582000,Geraldton Port,"Truck, Rail",,,July-June,det_2377,
351,COM00403.00,2019,Con.Fe,1329000,Geraldton Port,"Truck, Rail",,,July-June,det_1502,
352,COM00403.00,2019,Con.Fe,1286000,Geraldton Port,"Truck, Rail",,,July-June,det_1502,
353,COM00403.00,2020,Con.Fe,1428000,Geraldton Port,"Truck, Rail",,,July-June,det_1502,
354,COM00403.00,2020,Con.Fe,1148000,Geraldton Port,"Truck, Rail",,,July-June,det_1502,
355,COM00408.00,2019,F.lig,,Coal Creek Station,,,,,det_1373,
356,COM00421.00,2008,O.Fe,,Herb Elliott Port at Port Hedland,Rail,No,,July-June,det_1355,
357,COM00421.00,2009,O.Fe,,Herb Elliott Port at Port Hedland,Rail,No,,July-June,det_1355,
358,COM00421.00,2010,O.Fe,,Herb Elliott Port at Port Hedland,Rail,No,,July-June,det_1355,
359,COM00421.00,2011,O.Fe,,Herb Elliott Port at Port Hedland,Rail,No,,July-June,det_1355,
360,COM00421.00,2012,O.Fe,,Herb Elliott Port at Port Hedland,Rail,No,,July-June,det_1355,
361,COM00421.00,2013,O.Fe,,Herb Elliott Port at Port Hedland,Rail,No,,July-June,det_1355,
362,COM00421.00,2014,O.Fe,,Herb Elliott Port at Port Hedland,Rail,No,,July-June,det_1355,
363,COM00421.00,2015,O.Fe,,Herb Elliott Port at Port Hedland,Rail,No,,July-June,det_1355,
364,COM00421.00,2016,O.Fe,,Herb Elliott Port at Port Hedland,Rail,No,,July-June,det_1355,
365,COM00421.00,2017,O.Fe,,Herb Elliott Port at Port Hedland,Rail,No,,July-June,det_1355,
366,COM00421.00,2018,O.Fe,,Herb Elliott Port at Port Hedland,Rail,No,,July-June,det_1355,
367,COM00421.00,2019,O.Fe,,Herb Elliott Port at Port Hedland,Rail,No,,July-June,det_1355,
368,COM00425.00,2019,F.coal,,,Rail,,,,det_2144,
369,COM00428.00,2019,F.lig,,Great Plains Synfuels Plant,,,,,det_1373,
370,COM00428.00,2019,F.lig,,Antelope Valley Station,,,,,det_1373,
371,COM00428.00,2019,F.lig,,Leland Olds Station,,,,,det_1373,
372,COM00445.00,2019,F.coal,,,"Truck, Rail",,,,det_2144,
373,COM00447.00,2019,O.Mn,344000,TEMCO,Sea,No,,,det_2822,
374,COM00448.00,2017,F.coal,,,Truck,,,,det_1427,
375,COM00480.00,2019,F.coal,,,"Rail, Truck, Barge",,,,det_1411,
376,COM00484.00,2013,Con.Cu,,Port of Geraldton,Truck,Yes,"Europe, Asia",,det_2819,
377,COM00484.00,2013,Con.pgm,,Port of Geraldton,Truck,Yes,"Europe, Asia",,det_2819,
378,COM00484.00,2013,Con.Zn,,Port of Geraldton,Truck,Yes,"Europe, Asia",,det_2819,
379,COM00489.00,,F.coc,,"Hay Point port, Gladstone port, Dalrymple Bay port, Abbot Point port",Rail,,,,det_1608,
380,COM00491.00,2018,,,,"Road, Air, Sea",,,,det_1065,
381,COM00496.00,2019,Con.Cu,,PT Smelting,,,,,det_1167,
382,COM00499.00,2019,F.coal,,,CSX rail,,,,det_1426,
383,COM00502.01,,F.coc,,"Hay Point port, Gladstone port",Rail,,,,det_1608,
384,COM00502.02,,F.coc,,"Hay Point port, Gladstone port",Rail,,,,det_1608,
385,COM00518.00,2018,,,,"Railway, Sea",,,,det_1065,
386,COM00519.00,2018,,,,"Railway, Sea",,,,det_1065,
387,COM00520.00,2018,,,,"Railway, Sea",,,,det_1065,
388,COM00521.00,2019,F.coal,,,"Rail, Truck, Barge",,,,det_1411,
389,COM00530.00,2019,,,,Road,,,,det_1167,
390,COM00532.00,2015,Con.Fe,3640000,AHMSA Monclova Steel Plant,,No,,,det_2087,
391,COM00532.00,2016,Con.Fe,3570000,AHMSA Monclova Steel Plant,,No,,,det_1371,
392,COM00532.00,2017,Con.Fe,3090000,AHMSA Monclova Steel Plant,,No,,,det_1371,
393,COM00532.00,2018,Con.Fe,3390000,AHMSA Monclova Steel Plant,,No,,,det_1371,
394,COM00541.00,2009,O.Ni,247021,,,Yes,China,,det_2236,Nickel grade: 1.86%
395,COM00541.00,2009,O.Ni,1939626,,,Yes,China,,det_2236,Nickel grade: 1%
396,COM00541.00,2010,O.Ni,265043,,,Yes,China,,det_2236,Nickel grade: 1.76%
397,COM00541.00,2010,O.Ni,2101807,,,Yes,China,,det_2236,Nickel grade: 0.9%
398,COM00541.00,2011,O.Ni,115571,,,Yes,China,,det_2236,Nickel grade: 1.68%
399,COM00541.00,2011,O.Ni,11000,,,Yes,Japan,,det_2236,Nickel grade: 0.76%
400,COM00541.00,2011,O.Ni,2462303,,,Yes,China,,det_2236,Nickel grade: 0.8%
401,COM00541.00,2012,O.Ni,2636698,,,Yes,China,,det_2235,Nickel grade: 0.85%
402,COM00541.00,2013,O.Ni,99043,,,Yes,China,,det_2235,Nickel grade: 1.73%
403,COM00541.00,2013,O.Ni,3342936,,,Yes,China,,det_2235,Nickel grade: 0.84%
404,COM00541.00,2014,O.Ni,314083,,,Yes,China,,det_2234,Nickel grade: 1.58%
405,COM00541.00,2014,O.Ni,3148861,,,Yes,China,,det_2234,Nickel grade: 0.88%
406,COM00541.00,2015,O.Ni,649662,,,Yes,China,,det_2234,Nickel grade: 1.53%
407,COM00541.00,2015,O.Ni,2559815,,,Yes,China,,det_2234,Nickel grade: 0.87%
408,COM00541.00,2016,O.Ni,1191431,,,Yes,China,,det_2234,Nickel grade: 1.49%
409,COM00541.00,2016,O.Ni,1842894,,,Yes,China,,det_2234,Nickel grade: 0.91%
410,COM00541.00,2017,O.Ni,51906,,,Yes,Japan,,det_1447,Nickel grade: 1.45%
411,COM00541.00,2017,O.Ni,485613,,,Yes,China,,det_1447,Nickel grade: 1.39%
412,COM00541.00,2017,O.Ni,49946,,,Yes,Japan,,det_1447,Nickel grade: 1%
413,COM00541.00,2017,O.Ni,266904,,,Yes,China,,det_1447,Nickel grade: 0.82%
414,COM00541.00,2018,O.Ni,1477347,,,Yes,China,,det_1447,Nickel grade: 1.51%
415,COM00541.00,2018,O.Ni,674610,,,Yes,China,,det_1447,Nickel grade: 0.88%
416,COM00541.00,2019,O.Ni,485613,,,Yes,China,,det_1447,Nickel grade: 1.53%
417,COM00541.00,2019,O.Ni,10007,Coral Bay Nickel Corporation,,No,,,det_1447,Nickel grade: 1.27%
418,COM00541.00,2019,O.Ni,1524216,,,Yes,China,,det_1447,Nickel grade: 0.85%
419,COM00544.00,2018,,,,"Railway, Sea",,,,det_1065,
420,COM00545.00,2016,F.coal,,,"Rail, Truck, Barge",,,,det_2162,
421,COM00549.00,2003,F.coal,,,Rail,,,,det_1425,
422,COM00560.00,2010,Con.Cu,,San Luis Potosi Smelter,,,,,det_1802,
423,COM00560.00,2011,Con.Cu,,La Caridad Processing,,,,,det_1802,
424,COM00560.00,2013,Con.Cu,,San Luis Potosi Refinery,,,,,det_1802,
425,COM00560.00,2013,Con.Zn,,San Luis Potosi Refinery,,,,,det_1802,
426,COM00562.00,2013,Con.Cu,,La Caridad,,,,,det_1802,
427,COM00563.00,2013,Con.Zn,,San Luis Potosi Refinery,,,,,det_1802,
428,COM00568.00,2019,,,,"Rail, Lake vessels, Road",,,,det_1218,
429,COM00571.00,2005,F.coal,,,Rail,,,,det_1423,
430,COM00573.00,2000,,604000,,,Yes,,,det_2816,
431,COM00573.00,2001,,833000,,,Yes,,,det_2816,
432,COM00573.00,2002,,899000,,,Yes,,,det_2815,
433,COM00573.00,2003,,861000,,,Yes,,,det_2815,
434,COM00573.00,2004,,842000,,,Yes,,,det_2814,
435,COM00573.00,2005,,872000,,,Yes,,,det_2814,
436,COM00573.00,2006,,1077000,,,Yes,,,det_2813,
437,COM00573.00,2007,,662000,,,Yes,,,det_2813,
438,COM00583.00,,,,Tubarao port,Rail,,,,det_1159,
439,COM00584.00,2010,O.Fe,526000,,,Yes,,,det_2064,
440,COM00584.00,2011,O.Fe,785000,,,Yes,,,det_2064,
441,COM00584.00,2012,O.Fe,1338000,,,Yes,,,det_2063,
442,COM00584.00,2013,O.Fe,499000,,,Yes,,,det_2063,
443,COM00584.00,2014,O.Fe,680000,,,Yes,,,det_2062,
444,COM00584.00,2015,O.Fe,0,,,Yes,,,det_2062,
445,COM00584.00,2016,O.Fe,521000,,,Yes,,,det_2061,
446,COM00584.00,2017,O.Fe,891000,,,Yes,,,det_2061,
447,COM00584.00,2018,O.Fe,3274000,,,Yes,,,det_2060,
448,COM00584.00,2019,O.Fe,4631000,,,Yes,,,det_2060,
449,COM00595.00,2019,O.Al,,Chalco Henan Branch,"Rail, Road",No,,,det_1274,
450,COM00597.00,,,,Port Hedland,"Overland conveyor, Rail",,,,det_1608,
451,COM00601.00,2012,F.coal,,,"Rail, Truck",,,,det_1419,
452,COM00607.00,2019,,,,Rail,,,,det_1270,
453,COM00619.00,2011,F.coc,,Temirtau steel plant,,No,,,det_1923,
454,COM00619.00,2012,F.coc,,Temirtau steel plant,,No,,,det_1922,
455,COM00619.00,2013,F.coc,,Temirtau steel plant,,No,,,det_1220,
456,COM00619.00,2014,F.coc,,Temirtau steel plant,,No,,,det_1221,
457,COM00619.00,2015,F.coc,,Temirtau steel plant,,No,,,det_1921,
458,COM00619.00,2016,F.coc,,Temirtau steel plant,,No,,,det_1920,
459,COM00619.00,2017,F.coc,,Temirtau steel plant,,No,,,det_1919,
460,COM00619.00,2018,F.coc,,Temirtau steel plant,,No,,,det_1918,
461,COM00619.00,2019,F.coc,,Temirtau steel plant,,No,,,det_1218,
462,COM00626.00,2019,F.coal,,,Rail,,,,det_2144,
463,COM00630.00,2018,F.coal,,,"Truck, Rail, Conveyor belt",,,,det_1431,
464,COM00632.00,2011,Con.Fe,700000,Temirtau steel plant,Rail,No,,,det_1923,
465,COM00632.00,2012,Con.Fe,680000,Temirtau steel plant,Rail,No,,,det_1922,
466,COM00632.00,2013,Con.Fe,700000,Temirtau steel plant,Rail,No,,,det_1220,
467,COM00632.00,2014,Con.Fe,700000,Temirtau steel plant,Rail,No,,,det_1221,
468,COM00632.00,2015,Con.Fe,700000,Temirtau steel plant,Rail,No,,,det_1921,
469,COM00632.00,2016,Con.Fe,500000,Temirtau steel plant,Rail,No,,,det_1920,
470,COM00632.00,2017,Con.Fe,400000,Temirtau steel plant,Rail,No,,,det_1919,
471,COM00632.00,2018,Con.Fe,600000,Temirtau steel plant,Rail,No,,,det_1918,
472,COM00632.00,2019,Con.Fe,400000,Temirtau steel plant,Rail,No,,,det_1218,
473,COM00633.00,2020,F.coal,,Gladstone port,Rail,,,,det_1508,
474,COM00641.00,2020,O.nep,,Achinsk Alumina Refinery,Rail,No,,,det_2827,
475,COM00644.00,2016,F.coal,8667000,,,Yes,China,,det_2831,
476,COM00644.00,2016,F.coal,3231000,,,Yes,India,,det_2831,
477,COM00644.00,2016,F.coal,2650000,,,Yes,Korea,,det_2831,
478,COM00644.00,2016,F.coal,2350000,,,Yes,Philippines,,det_2831,
479,COM00644.00,2016,F.coal,1835000,,,Yes,Malaysia,,det_2831,
480,COM00644.00,2016,F.coal,1460000,,,Yes,Japan,,det_2831,
481,COM00644.00,2016,F.coal,1275000,,,Yes,Taiwan,,det_2831,
482,COM00644.00,2016,F.coal,970000,,,Yes,Thailand,,det_2831,
483,COM00644.00,2017,F.coal,10800000,,,Yes,China,,det_2423,
484,COM00644.00,2017,F.coal,3100000,,,Yes,India,,det_2423,
485,COM00644.00,2017,F.coal,3500000,,,Yes,Korea,,det_2423,
486,COM00644.00,2017,F.coal,1500000,,,Yes,Philippines,,det_2423,
487,COM00644.00,2017,F.coal,1300000,,,Yes,Malaysia,,det_2423,
488,COM00644.00,2017,F.coal,1200000,,,Yes,Japan,,det_2423,
489,COM00644.00,2017,F.coal,1400000,,,Yes,Taiwan,,det_2423,
490,COM00644.00,2017,F.coal,500000,,,Yes,Thailand,,det_2423,
491,COM00644.00,2018,F.coal,12100000,,,Yes,China,,det_2422,
492,COM00644.00,2018,F.coal,3000000,,,Yes,India,,det_2422,
493,COM00644.00,2018,F.coal,3400000,,,Yes,Korea,,det_2422,
494,COM00644.00,2018,F.coal,700000,,,Yes,Philippines,,det_2422,
495,COM00644.00,2018,F.coal,2100000,,,Yes,Malaysia,,det_2422,
496,COM00644.00,2018,F.coal,1300000,,,Yes,Japan,,det_2422,
497,COM00644.00,2018,F.coal,1600000,,,Yes,Taiwan,,det_2422,
498,COM00644.00,2019,F.coal,12100000,,,Yes,China,,det_2830,
499,COM00644.00,2019,F.coal,3300000,,,Yes,India,,det_2830,
500,COM00644.00,2019,F.coal,2900000,,,Yes,Korea,,det_2830,
501,COM00644.00,2019,F.coal,800000,,,Yes,Philippines,,det_2830,
502,COM00644.00,2019,F.coal,2000000,,,Yes,Malaysia,,det_2830,
503,COM00644.00,2019,F.coal,1000000,,,Yes,Japan,,det_2830,
504,COM00644.00,2019,F.coal,1400000,,,Yes,Taiwan,,det_2830,
505,COM00644.00,2019,F.coal,200000,,,Yes,Singapore,,det_2830,
506,COM00644.00,2020,F.coal,11500000,,,Yes,China,,det_1514,
507,COM00644.00,2020,F.coal,3000000,,,Yes,India,,det_1514,
508,COM00644.00,2020,F.coal,1000000,,,Yes,Korea,,det_1514,
509,COM00644.00,2020,F.coal,1800000,,,Yes,Philippines,,det_1514,
510,COM00644.00,2020,F.coal,2100000,,,Yes,Malaysia,,det_1514,
511,COM00644.00,2020,F.coal,900000,,,Yes,Japan,,det_1514,
512,COM00644.00,2020,F.coal,1400000,,,Yes,Taiwan,,det_1514,
513,COM00644.00,2020,F.coal,200000,,,Yes,Singapore,,det_1514,
514,COM00650.00,2020,F.coal,,NPLCT (North Pulau Laut Coal Terminal),,,,,det_1510,
515,COM00652.00,2015,Con.Fe,,Port of Narvik,Rail,Yes,Norway,,det_1946,
516,COM00652.00,2016,Con.Fe,,Port of Narvik,Rail,Yes,Norway,,det_1945,
517,COM00652.00,2017,Con.Fe,,Port of Narvik,Rail,Yes,Norway,,det_1945,
518,COM00652.00,2018,Con.Fe,,Port of Narvik,Rail,Yes,Norway,,det_1232,
519,COM00652.00,2019,Con.Fe,,Port of Narvik,Rail,Yes,Norway,,det_1232,
520,COM00693.00,,Con.Cu,,La Caridad Processing,"Rail, Truck",,,,det_2818,
521,COM00709.00,2008,Con.Fe,,Lazaro Cardenas steel plant,Pipeline,No,,,det_1925,
522,COM00709.00,2009,Con.Fe,,Lazaro Cardenas steel plant,Pipeline,No,,,det_1924,
523,COM00709.00,2010,Con.Fe,,Lazaro Cardenas steel plant,Pipeline,No,,,det_1823,
524,COM00709.00,2011,Con.Fe,,Lazaro Cardenas steel plant,Pipeline,No,,,det_1923,
525,COM00709.00,2012,Con.Fe,,Lazaro Cardenas steel plant,Pipeline,No,,,det_1922,
526,COM00709.00,2013,Con.Fe,,Lazaro Cardenas steel plant,Pipeline,No,,,det_1220,
527,COM00709.00,2014,Con.Fe,,Lazaro Cardenas steel plant,Pipeline,No,,,det_1221,
528,COM00709.00,2015,Con.Fe,,Lazaro Cardenas steel plant,Pipeline,No,,,det_1921,
529,COM00709.00,2016,Con.Fe,,Lazaro Cardenas steel plant,Pipeline,No,,,det_1920,
530,COM00709.00,2017,Con.Fe,,Lazaro Cardenas steel plant,Pipeline,No,,,det_1919,
531,COM00709.00,2018,Con.Fe,,Lazaro Cardenas steel plant,Pipeline,No,,,det_1918,
532,COM00709.00,2019,Con.Fe,,Lazaro Cardenas steel plant,Pipeline,No,,,det_1218,
533,COM00713.00,2019,,,,"Sea, Rail",,,,det_1218,
534,COM00714.00,2010,Con.Fe,,Oskol Electrometallurgical Plant,Pipeline,No,,,det_1245,
535,COM00714.00,2011,Con.Fe,,Oskol Electrometallurgical Plant,Pipeline,No,,,det_1245,
536,COM00714.00,2012,Con.Fe,,Oskol Electrometallurgical Plant,Pipeline,No,,,det_1245,
537,COM00714.00,2013,Con.Fe,,Oskol Electrometallurgical Plant,Pipeline,No,,,det_1245,
538,COM00714.00,2014,Con.Fe,,Oskol Electrometallurgical Plant,Pipeline,No,,,det_1245,
539,COM00714.00,2015,Con.Fe,,Oskol Electrometallurgical Plant,Pipeline,No,,,det_1245,
540,COM00714.00,2016,Con.Fe,,Oskol Electrometallurgical Plant,Pipeline,No,,,det_1245,
541,COM00714.00,2017,Con.Fe,,Oskol Electrometallurgical Plant,Pipeline,No,,,det_1245,
542,COM00714.00,2018,Con.Fe,,Oskol Electrometallurgical Plant,Pipeline,No,,,det_1245,
543,COM00714.00,2019,Con.Fe,,Oskol Electrometallurgical Plant,Pipeline,No,,,det_1245,
544,COM00715.00,2019,F.coc,,,Rail,,,,det_1399,
545,COM00716.00,2019,F.coc,,,Rail,,,,det_1399,
546,COM00719.00,2019,Con.Ni,,Kalgoorlie Smelter,"Road, Rail",No,,,det_1608,
547,COM00721.01,2019,O.Au,395113,Darlot,Truck,,,July-June,det_1699,
548,COM00721.01,2020,O.Au,436292,Darlot,Truck,,,July-June,det_1699,
549,COM00727.00,2005,F.coal,,,Rail,,,,det_1423,
550,COM00728.00,2011,Con.Fe,1800000,Temirtau steel plant,Rail,No,,,det_1923,
551,COM00728.00,2012,Con.Fe,2270000,Temirtau steel plant,Rail,No,,,det_1922,
552,COM00728.00,2013,Con.Fe,2100000,Temirtau steel plant,Rail,No,,,det_1220,
553,COM00728.00,2014,Con.Fe,1600000,Temirtau steel plant,Rail,No,,,det_1221,
554,COM00728.00,2015,Con.Fe,900000,Temirtau steel plant,Rail,No,,,det_1921,
555,COM00728.00,2016,Con.Fe,700000,Temirtau steel plant,Rail,No,,,det_1920,
556,COM00728.00,2017,Con.Fe,700000,Temirtau steel plant,Rail,No,,,det_1919,
557,COM00728.00,2018,Con.Fe,700000,Temirtau steel plant,Rail,No,,,det_1918,
558,COM00728.00,2019,Con.Fe,900000,Temirtau steel plant,Rail,No,,,det_1218,
559,COM00732.00,2015,Con.Fe,,Port of Lulea,Rail,No,,,det_1946,
560,COM00732.00,2016,Con.Fe,,Port of Lulea,Rail,No,,,det_1945,
561,COM00732.00,2017,Con.Fe,,Port of Lulea,Rail,No,,,det_1945,
562,COM00732.00,2018,Con.Fe,,Port of Lulea,Rail,No,,,det_1232,
563,COM00732.00,2019,Con.Fe,,Port of Lulea,Rail,No,,,det_1232,
564,COM00743.00,,O.oxi,,Bwana,,Yes,Zambia,,det_1712,
565,COM00745.00,2011,O.Fe,3150000,CAP Huasco Pellet Plant,,No,,,det_2078,
566,COM00745.00,2011,O.Fe,655000,CAP Huasco Pellet Plant,Truck,No,,,det_2078,
567,COM00745.00,2012,O.Fe,7211000,CAP Huasco Pellet Plant,,No,,,det_2077,
568,COM00745.00,2013,O.Fe,6195000,CAP Huasco Pellet Plant,Rail,No,,,det_2076,
569,COM00745.00,2013,O.Fe,1293000,CAP Huasco Pellet Plant,Truck,No,,,det_2076,
570,COM00745.00,2014,O.Fe,8495000,CAP Huasco Pellet Plant,Rail,No,,,det_2075,
571,COM00745.00,2015,O.Fe,9600000,CAP Huasco Pellet Plant,Rail,No,,,det_2072,
572,COM00745.00,2016,O.Fe,9863000,CAP Huasco Pellet Plant,Rail,No,,,det_2074,
573,COM00745.00,2017,O.Fe,9047000,CAP Huasco Pellet Plant,Rail,No,,,det_2071,
574,COM00745.00,2017,O.Fe,121000,El Romeral,Truck,No,,,det_2071,
575,COM00745.00,2018,O.Fe,7673000,CAP Huasco Pellet Plant,Rail,No,,,det_2073,
576,COM00745.00,2018,O.Fe,28000,El Romeral,Truck,No,,,det_2073,
577,COM00745.00,2019,O.Fe,1841000,CAP Huasco Pellet Plant,Rail,No,,,det_1369,
578,COM00745.00,2019,O.Fe,928000,El Romeral,Truck,No,,,det_1369,
579,COM00745.00,2019,O.Fe,528000,Punta Totoralillo Port,Truck,No,,,det_1369,
580,COM00745.01,2015,,94000,El Romeral,Truck,No,,,det_2072,
581,COM00745.01,2016,,168000,El Romeral,Truck,No,,,det_2074,
582,COM00745.01,2017,,447000,El Romeral,Truck,No,,,det_2071,
583,COM00745.01,2018,,407000,El Romeral,Truck,No,,,det_2073,
584,COM00745.01,2019,,243000,El Romeral,Truck,No,,,det_1369,
585,COM00750.00,2012,F.coal,,,"Rail, Truck",,,,det_1419,
586,COM00755.00,2019,O.Al,,Chalco Henan Branch,"Rail, Road",No,,,det_1274,
587,COM00761.00,2008,F.coal,,,"Rail, Truck",,,,det_1422,
588,COM00762.00,2006,O.Al,,Korba,Road,No,,,det_2012,
589,COM00762.00,2007,O.Al,,Korba,Road,No,,,det_2012,
590,COM00762.00,2008,O.Al,,Korba,Road,No,,,det_1689,
591,COM00762.00,2009,O.Al,,Korba,Road,No,,,det_1689,
592,COM00762.00,2010,O.Al,,Korba,Road,No,,,det_1689,
593,COM00762.00,2011,O.Al,,Korba,Road,No,,,det_1308,
594,COM00762.00,2012,O.Al,,Korba,Road,No,,,det_1308,
595,COM00762.00,2013,O.Al,,Korba,Road,No,,,det_1308,
596,COM00762.00,2014,O.Al,,Korba,Road,No,,,det_1309,
597,COM00762.00,2015,O.Al,,Korba,Road,No,,,det_1309,
598,COM00762.00,2016,O.Al,,Korba,Road,No,,,det_1309,
599,COM00762.00,2017,O.Al,,Korba,Road,No,,,det_1307,
600,COM00762.00,2018,O.Al,,Korba,Road,No,,,det_1307,
601,COM00762.00,2019,O.Al,,Korba,Road,No,,,det_1307,
602,COM00771.00,2015,Con.Fe,20000,AHMSA Monclova Steel Plant,,No,,,det_2087,
603,COM00771.00,2016,Con.Fe,50000,AHMSA Monclova Steel Plant,,No,,,det_1371,
604,COM00771.00,2017,Con.Fe,,AHMSA Monclova Steel Plant,,No,,,det_1371,
605,COM00771.00,2018,Con.Fe,,AHMSA Monclova Steel Plant,,No,,,det_1371,
606,COM00774.00,,,,Tubarao port,Rail,,,,det_1159,
607,COM00784.00,2019,F.coal,,,"Rail, Truck, Barge",,,,det_1411,
608,COM00788.00,2003,F.coal,,,Rail,,,,det_1425,
609,COM00794.00,2019,F.coal,,,"Rail, Export Vessel",,,,det_2144,
610,COM00795.00,2019,F.coal,,,"Rail, Truck",,,,det_1411,
611,COM00800.00,2019,,,,"Road, Rail",,,,det_1167,
612,COM00801.00,2019,O.Al,,Chalco Henan Branch,"Rail, Road",No,,,det_1274,
613,COM00808.00,2019,F.coal,,,"Rail, Export Vessel",,,,det_2144,
614,COM00812.00,2004,F.coal,,,"Rail, Truck",,,,det_1424,
615,COM00813.00,2008,F.coal,,,Rail,,,,det_1422,
616,COM00814.00,2019,F.coal,,,"Rail, Export Vessel",,,,det_2144,
617,COM00815.00,2015,F.coal,,,"Rail, Truck",,,,det_1416,
618,COM00817.00,2015,F.coc,1560000,AHMSA Monclova Steel Plant,,No,,,det_2087,
619,COM00817.00,2016,F.coc,1310000,AHMSA Monclova Steel Plant,,No,,,det_1371,
620,COM00817.00,2017,F.coc,1370000,AHMSA Monclova Steel Plant,,No,,,det_1371,
621,COM00817.00,2018,F.coc,1390000,AHMSA Monclova Steel Plant,,No,,,det_1371,
622,COM00818.00,,,,Tubarao port,Rail,,,,det_1159,
623,COM00821.00,2011,F.coal,,,"Rail, Truck",,,,det_2175,
624,COM00826.00,2008,Con.Fe,,Indiana Harbor,"Rail, Lake vessels",No,,,det_1925,
625,COM00826.00,2009,Con.Fe,,Indiana Harbor,"Rail, Lake vessels",No,,,det_1924,
626,COM00826.00,2010,Con.Fe,,Indiana Harbor,"Rail, Lake vessels",No,,,det_1823,
627,COM00826.00,2011,Con.Fe,,Indiana Harbor,"Rail, Lake vessels",No,,,det_1923,
628,COM00826.00,2012,Con.Fe,,Indiana Harbor,"Rail, Lake vessels",No,,,det_1922,
629,COM00826.00,2013,Con.Fe,,Indiana Harbor,"Rail, Lake vessels",No,,,det_1220,
630,COM00826.00,2014,Con.Fe,,Indiana Harbor,"Rail, Lake vessels",No,,,det_1221,
631,COM00826.00,2015,Con.Fe,,Indiana Harbor,"Rail, Lake vessels",No,,,det_1921,
632,COM00826.00,2016,Con.Fe,,Indiana Harbor,"Rail, Lake vessels",No,,,det_1920,
633,COM00826.00,2017,Con.Fe,,Indiana Harbor,"Rail, Lake vessels",No,,,det_1919,
634,COM00826.00,2018,Con.Fe,,Indiana Harbor,"Rail, Lake vessels",No,,,det_1918,
635,COM00826.00,2019,Con.Fe,,Indiana Harbor,"Rail, Lake vessels",No,,,det_1218,
636,COM00828.00,2000,,,Fort Site,"Ship, Rail",Yes,Canada,,det_2772,All of Moa Project's production is shipped to the Fort Site Refinery
637,COM00828.00,2001,,,Fort Site,"Ship, Rail",Yes,Canada,,det_2772,All of Moa Project's production is shipped to the Fort Site Refinery
638,COM00828.00,2002,,,Fort Site,"Ship, Rail",Yes,Canada,,det_2208,All of Moa Project's production is shipped to the Fort Site Refinery
639,COM00828.00,2003,,,Fort Site,"Ship, Rail",Yes,Canada,,det_2207,All of Moa Project's production is shipped to the Fort Site Refinery
640,COM00828.00,2004,,,Fort Site,"Ship, Rail",Yes,Canada,,det_2206,All of Moa Project's production is shipped to the Fort Site Refinery
641,COM00828.00,2005,,,Fort Site,"Ship, Rail",Yes,Canada,,det_2205,All of Moa Project's production is shipped to the Fort Site Refinery
642,COM00828.00,2006,,,Fort Site,"Ship, Rail",Yes,Canada,,det_2204,All of Moa Project's production is shipped to the Fort Site Refinery
643,COM00828.00,2007,,,Fort Site,"Ship, Rail",Yes,Canada,,det_2203,All of Moa Project's production is shipped to the Fort Site Refinery
644,COM00828.00,2008,,,Fort Site,"Ship, Rail",Yes,Canada,,det_2202,All of Moa Project's production is shipped to the Fort Site Refinery
645,COM00828.00,2009,,,Fort Site,"Ship, Rail",Yes,Canada,,det_2201,All of Moa Project's production is shipped to the Fort Site Refinery
646,COM00828.00,2010,,,Fort Site,"Ship, Rail",Yes,Canada,,det_1430,All of Moa Project's production is shipped to the Fort Site Refinery
647,COM00828.00,2011,,,Fort Site,"Ship, Rail",Yes,Canada,,det_2200,All of Moa Project's production is shipped to the Fort Site Refinery
648,COM00828.00,2012,,,Fort Site,"Ship, Rail",Yes,Canada,,det_1429,All of Moa Project's production is shipped to the Fort Site Refinery
649,COM00828.00,2013,,,Fort Site,"Ship, Rail",Yes,Canada,,det_1647,All of Moa Project's production is shipped to the Fort Site Refinery
650,COM00828.00,2014,,,Fort Site,"Ship, Rail",Yes,Canada,,det_2214,All of Moa Project's production is shipped to the Fort Site Refinery
651,COM00828.00,2015,,,Fort Site,"Ship, Rail",Yes,Canada,,det_2213,All of Moa Project's production is shipped to the Fort Site Refinery
652,COM00828.00,2016,,,Fort Site,"Ship, Rail",Yes,Canada,,det_2212,All of Moa Project's production is shipped to the Fort Site Refinery
653,COM00828.00,2017,,,Fort Site,"Ship, Rail",Yes,Canada,,det_2211,All of Moa Project's production is shipped to the Fort Site Refinery
654,COM00828.00,2018,,,Fort Site,"Ship, Rail",Yes,Canada,,det_2210,All of Moa Project's production is shipped to the Fort Site Refinery
655,COM00828.00,2019,,,Fort Site,"Ship, Rail",Yes,Canada,,det_1432,All of Moa Project's production is shipped to the Fort Site Refinery
656,COM00837.00,2019,F.coal,,,"Rail, Export Vessel",,,,det_2144,
657,COM00840.00,2019,,,,"Road, Rail",,,,det_1167,
658,COM00850.00,,F.sbc,,"Bayswater Power Station, Liddell Power Station",conveyor Belt,,,,det_1608,
659,COM00850.00,,F.sbc,,Newcastle port,Rail,,,,det_1608,
660,COM00852.00,,,,Port Hedland,Rail,,,,det_1608,
661,COM00853.00,2019,Con.Ni,,Leinster,Road,No,,,det_1608,
662,COM00856.00,,,,Port Hedland,Rail,,,,det_1608,
663,COM00858.00,2019,F.coc,,,Rail,,,,det_1399,
664,COM00861.00,2018,,,,"Air, Sea",,,,det_1065,
665,COM00869.00,2020,F.coal,,NPLCT (North Pulau Laut Coal Terminal),,,,,det_1510,
666,COM00873.00,2003,F.coal,,,Rail,,,,det_1425,
667,COM00875.00,,F.coal,,Port of Newcastle,,,,,det_1545,
668,COM00879.00,,O.FeTiO3,,Namakwa Sands Smelter,Rail,No,,,det_2823,
669,COM00879.00,,O.TiO2,,Namakwa Sands Smelter,Rail,No,,,det_2823,
670,COM00879.00,,O.Zr,,Namakwa Sands Smelter,Rail,No,,,det_2823,
671,COM00887.00,2019,F.sbc,,Four corners Power Plant,Rail,No,,,det_1608,
672,COM00889.00,,Con.Cu,,Port at Setubal,,,,,det_1204,
673,COM00889.00,,Con.Zn,,Port at Setubal,,,,,det_1204,
674,COM00892.00,2018,F.coal,,,"Truck, Rail",,,,det_1431,
675,COM00912.00,2019,F.coal,,,Rail,,,,det_2144,
676,COM00915.00,2019,F.coal,,,"Rail, Export Vessel",,,,det_2144,
677,COM00916.00,,,,,"Air, Road",,,,det_1681,
678,COM00924.00,,F.coc,,"Hay Point port, Gladstone port, Dalrymple Bay port, Abbot Point port",Rail,,,,det_1608,
679,COM00937.00,,,,,Road,,,,det_1608,
680,COM00949.00,2018,,,,"Air, Road",,,,det_1065,
681,COM00952.00,2017,F.coal,,,Truck,,,,det_1427,
682,COM00955.01,2019,Oth.cuca,,"Antofagasta port, Mejilones port",Rail,,,,det_1608,
683,COM00955.02,2019,Oth.cuca,,Iquique port,Road,,,,det_1608,
684,COM00956.00,2008,O.Al,4684684,Damanjodi Refinery,Conveyor belt,No,,April-March,det_2011,
685,COM00956.00,2009,O.Al,4700027,Damanjodi Refinery,Conveyor belt,No,,April-March,det_2011,
686,COM00956.00,2010,O.Al,4878888,Damanjodi Refinery,Conveyor belt,No,,April-March,det_2010,
687,COM00956.00,2011,O.Al,4823908,Damanjodi Refinery,Conveyor belt,No,,April-March,det_2010,
688,COM00956.00,2012,O.Al,5002626,Damanjodi Refinery,Conveyor belt,No,,April-March,det_2010,
689,COM00956.00,2013,O.Al,5419391,Damanjodi Refinery,Conveyor belt,No,,April-March,det_2010,
690,COM00956.00,2014,O.Al,6292677,Damanjodi Refinery,Conveyor belt,No,,April-March,det_2010,
691,COM00956.00,2015,O.Al,5739120,Damanjodi Refinery,Conveyor belt,No,,April-March,det_2009,
692,COM00956.00,2016,O.Al,6340142,Damanjodi Refinery,Conveyor belt,No,,April-March,det_2009,
693,COM00956.00,2017,O.Al,6825000,Damanjodi Refinery,Conveyor belt,No,,April-March,det_2009,
694,COM00956.00,2018,O.Al,7025109,Damanjodi Refinery,Conveyor belt,No,,April-March,det_2009,
695,COM00956.00,2019,O.Al,7230546,Damanjodi Refinery,Conveyor belt,No,,April-March,det_2009,
696,COM00960.00,,O.Al,,Alunorte,,No,,,det_1161,
697,COM00965.00,2016,F.coal,,,"Rail, Barge",,,,det_2162,
698,COM00969.00,,F.coc,,"Hay Point port, Gladstone port, Dalrymple Bay port, Abbot Point port",Rail,,,,det_1608,
699,COM00974.00,2017,F.coal,,,Rail,,,,det_2174,
700,COM00996.00,2019,,,,Road,,,,det_1270,
701,COM00999.00,,F.coc,,"Hay Point port, Dalrymple Bay port",Rail,,,,det_1608,
702,COM01005.00,2017,F.coal,,,Rail,,,,det_1427,
703,COM01010.00,,,,Mount Goldsworthy at Mining Area C,,,,,det_1608,
704,COM01012.00,2018,Con.Fe,,Zenica steel plant,Road,No,,,det_1918,
705,COM01012.00,2019,Con.Fe,,Zenica steel plant,Road,No,,,det_1218,
706,COM01016.00,2020,F.coal,,PT. Adaro Indonesia port Kelanis,Truck,,,,det_1508,
707,COM01036.00,2020,F.coal,,Tanjung Bara Coal Terminal,Conveyor belt,,,,det_1510,
708,COM01070.00,2019,F.coal,,,Rail,,,,det_2144,
709,COM01073.00,2019,F.lig,,Red Hills Power Plant,,,,,det_1373,
710,COM01080.00,2003,F.coal,,,"Rail, Truck",,,,det_1425,
711,COM01086.00,2009,O.Ni,190345,,,Yes,Japan,,det_2236,Nickel grade: 2.07%
712,COM01086.00,2009,O.Ni,272140,,,Yes,China,,det_2236,Nickel grade: 1.68%
713,COM01086.00,2009,O.Ni,2520231,Coral Bay Nickel Corporation,,No,,,det_2236,Nickel grade: 1.12%
714,COM01086.00,2010,O.Ni,224672,,,Yes,Japan,,det_2236,Nickel grade: 2.03%
715,COM01086.00,2010,O.Ni,1030690,,,Yes,China,,det_2236,Nickel grade: 1.75%
716,COM01086.00,2010,O.Ni,2620989,Coral Bay Nickel Corporation,,No,,,det_2236,Nickel grade: 1.33%
717,COM01086.00,2011,O.Ni,432831,,,Yes,Japan,,det_2236,Nickel grade: 1.88%
718,COM01086.00,2011,O.Ni,1689425,,,Yes,China,,det_2236,Nickel grade: 1.63%
719,COM01086.00,2011,O.Ni,2976864,Coral Bay Nickel Corporation,,No,,,det_2236,Nickel grade: 1.31%
720,COM01086.00,2012,O.Ni,480976,,,Yes,Japan,,det_2235,Nickel grade: 1.8%
721,COM01086.00,2012,O.Ni,1793848,,,Yes,China,,det_2235,Nickel grade: 1.57%
722,COM01086.00,2012,O.Ni,3351554,Coral Bay Nickel Corporation,,No,,,det_2235,Nickel grade: 1.26%
723,COM01086.00,2013,O.Ni,376176,,,Yes,Japan,,det_2235,Nickel grade: 1.73%
724,COM01086.00,2013,O.Ni,1352072,,,Yes,China,,det_2235,Nickel grade: 1.5%
725,COM01086.00,2013,O.Ni,3405281,Coral Bay Nickel Corporation,,No,,,det_2235,Nickel grade: 1.21%
726,COM01086.00,2013,O.Ni,640901,,,Yes,China,,det_2235,Nickel grade: 0.84%
727,COM01086.00,2014,O.Ni,917257,,,Yes,Japan,,det_2234,Nickel grade: 1.59%
728,COM01086.00,2014,O.Ni,1353255,,,Yes,China,,det_2234,Nickel grade: 1.48%
729,COM01086.00,2014,O.Ni,3382826,Coral Bay Nickel Corporation,,No,,,det_2234,Nickel grade: 1.2%
730,COM01086.00,2014,O.Ni,319050,,,Yes,China,,det_2234,Nickel grade: 0.85%
731,COM01086.00,2015,O.Ni,756565,,,Yes,Japan,,det_2234,Nickel grade: 1.57%
732,COM01086.00,2015,O.Ni,2312220,,,Yes,China,,det_2234,Nickel grade: 1.41%
733,COM01086.00,2015,O.Ni,111460,,,Yes,Australia,,det_2234,Nickel grade: 1.36%
734,COM01086.00,2015,O.Ni,3371643,Coral Bay Nickel Corporation,,No,,,det_2234,Nickel grade: 1.17%
735,COM01086.00,2016,O.Ni,553793,,,Yes,Japan,,det_2234,Nickel grade: 1.59%
736,COM01086.00,2016,O.Ni,1719682,,,Yes,China,,det_2234,Nickel grade: 1.48%
737,COM01086.00,2016,O.Ni,3449229,Coral Bay Nickel Corporation,,No,,,det_2234,Nickel grade: 1.07%
738,COM01086.00,2016,O.Ni,321617,,,Yes,China,,det_2234,Nickel grade: 0.87%
739,COM01086.00,2016,O.Ni,113150,,,Yes,Australia,,det_2234,Nickel grade: 0.85%
740,COM01086.00,2017,O.Ni,504627,,,Yes,Japan,,det_1447,Nickel grade: 1.51%
741,COM01086.00,2017,O.Ni,1608499,,,Yes,China,,det_1447,Nickel grade: 1.42%
742,COM01086.00,2017,O.Ni,3424587,Coral Bay Nickel Corporation,,No,,,det_1447,Nickel grade: 1.06%
743,COM01086.00,2017,O.Ni,171050,,,Yes,China,,det_1447,Nickel grade: 0.89%
744,COM01086.00,2018,O.Ni,398071,,,Yes,Japan,,det_1447,Nickel grade: 1.5%
745,COM01086.00,2018,O.Ni,1804971,,,Yes,China,,det_1447,Nickel grade: 1.45%
746,COM01086.00,2018,O.Ni,3424587,Coral Bay Nickel Corporation,,No,,,det_1447,Nickel grade: 1.05%
747,COM01086.00,2019,O.Ni,398310,,,Yes,Japan,,det_1447,Nickel grade: 1.51%
748,COM01086.00,2019,O.Ni,1053081,,,Yes,China,,det_1447,Nickel grade: 1.51%
749,COM01086.00,2019,O.Ni,3424587,Coral Bay Nickel Corporation,,No,,,det_1447,Nickel grade: 1.05%
750,COM01088.00,2019,F.coal,,,"Truck, Barge",,,,det_1411,
751,COM01089.00,2019,,,,"Rail, Lake vessels, Road",,,,det_1218,
752,COM01090.00,2018,,,,"Railway, Sea",,,,det_1065,
753,COM01092.00,2012,F.coal,,,"Rail, Conveyor belt",,,,det_1419,
754,COM01097.00,,Con.Cu,,Port of Burnie / Smelters in Hobart and Port Pirie,Rail / Sea,,,,det_2819,
755,COM01097.00,,Con.Pb,,Port of Burnie / Smelters in Hobart and Port Pirie,Rail / Sea,,,,det_2819,
756,COM01097.00,,Con.Zn,,Port of Burnie / Smelters in Hobart and Port Pirie,Rail / Sea,,,,det_2819,
757,COM01097.00,,Me.Au,,Refinery in Australia,,,,,det_2819,
758,COM01107.00,2019,,,,Road,,,,det_1167,
759,COM01120.00,2019,O.Fe,,El Volcan,"Truck, Rail",No,,,det_1218,
760,COM01121.00,2017,F.coal,,,"Truck, Conveyor belt",,,,det_1427,
761,COM01124.02,,Con.Cu,,La Caridad,,,,,det_1022,
762,COM01130.00,2019,O.Al,,Chalco Henan Branch,"Rail, Road",No,,,det_1274,
763,COM01134.00,,F.coc,,"Hay Point port, Gladstone port, Dalrymple Bay port, Abbot Point port",Rail,,,,det_1608,
764,COM01135.00,2020,F.coal,,NPLCT (North Pulau Laut Coal Terminal),,,,,det_1510,
765,COM01137.00,2020,F.coal,,NPLCT (North Pulau Laut Coal Terminal),,,,,det_1510,
766,COM01139.00,2017,F.coal,,,Truck,,,,det_1427,
767,COM01145.00,2019,F.coal,,,"Truck, Barge",,,,det_1411,
768,COM01148.00,2020,F.coal,,NPLCT (North Pulau Laut Coal Terminal),,,,,det_1510,
769,COM01151.00,2013,Me.Au,,,Air freight,Yes,Gold refinery in Australia,,det_2819,
770,COM01151.00,2013,Oth.cuca,,,"Road, Sea",Yes,"Asia, Europe",,det_2819,
771,COM01154.00,,,,Ponta da Madeira maritime terminal,"Trucks, rail",,,,det_1159,
772,COM01155.00,,,,Ponta da Madeira maritime terminal,Rail,,,,det_1159,
773,COM01156.00,,,,Ponta da Madeira maritime terminal,Rail,,,,det_1159,
774,COM01173.00,2017,F.coal,,,Truck,,,,det_1427,
775,COM01180.00,2019,F.coal,,,"Rail, Export Vessel",,,,det_2144,
776,COM01181.00,2012,F.coal,,,Barge,,,,det_1419,
777,COM01190.00,2019,,,,"Road, Rail",,,,det_1167,
778,COM01201.00,2010,,,Port of Luderitz,Truck,No,,,det_1689,
779,COM01201.00,2012,,,Port of Luderitz,Truck,No,,,det_1308,
780,COM01201.00,2013,,,Port of Luderitz,Truck,No,,,det_1308,
781,COM01201.00,2014,,,Port of Luderitz,Truck,No,,,det_1309,
782,COM01201.00,2015,,,Port of Luderitz,Truck,No,,,det_1309,
783,COM01201.00,2016,,,Port of Luderitz,Truck,No,,,det_1309,
784,COM01201.00,2017,,,Port of Luderitz,Truck,No,,,det_1307,
785,COM01201.00,2018,,,Port of Luderitz,Truck,No,,,det_1307,
786,COM01201.00,2019,,,Port of Luderitz,Truck,No,,,det_1307,
787,COM01206.00,2019,F.coal,,,Rail,,,,det_2144,
788,COM01208.00,,,,River port at Malili,Truck,,,,det_1159,
789,COM01211.00,2019,F.lig,,Henry W. Pirkey Plant,,,,,det_1373,
790,COM01214.00,,F.coc,,"Hay Point port, Dalrymple Bay port",Rail,,,,det_1608,
791,COM01218.00,2008,F.coal,,,"Rail, Truck",,,,det_1422,
792,COM01248.00,2009,O.Ni,494121,,,Yes,Japan,,det_2236,Nickel grade: 2.09%
793,COM01248.00,2009,O.Ni,249411,,,Yes,China,,det_2236,Nickel grade: 1.84%
794,COM01248.00,2010,O.Ni,676914,,,Yes,Japan,,det_2236,Nickel grade: 1.9%
795,COM01248.00,2010,O.Ni,454788,,,Yes,China,,det_2236,Nickel grade: 1.82%
796,COM01248.00,2010,O.Ni,68345,Coral Bay Nickel Corporation,,No,,,det_2236,Nickel grade: 1.23%
797,COM01248.00,2011,O.Ni,268564,,,Yes,Japan,,det_2236,Nickel grade: 1.94%
798,COM01248.00,2011,O.Ni,744699,,,Yes,China,,det_2236,Nickel grade: 1.73%
799,COM01248.00,2011,O.Ni,651490,,,Yes,China,,det_2236,Nickel grade: 1.02%
800,COM01248.00,2012,O.Ni,649714,,,Yes,Japan,,det_2235,Nickel grade: 1.82%
801,COM01248.00,2012,O.Ni,1021709,,,Yes,China,,det_2235,Nickel grade: 1.61%
802,COM01248.00,2012,O.Ni,710090,,,Yes,China,,det_2235,Nickel grade: 1.02%
803,COM01248.00,2013,O.Ni,445012,,,Yes,Japan,,det_2235,Nickel grade: 1.76%
804,COM01248.00,2013,O.Ni,971576,,,Yes,China,,det_2235,Nickel grade: 1.62%
805,COM01248.00,2013,O.Ni,1602333,,,Yes,China,,det_2235,Nickel grade: 0.93%
806,COM01248.00,2013,O.Ni,874229,Taganito HPAL Nickel Corporation,,No,,,det_2235,Nickel grade: 1.05%
807,COM01248.00,2014,O.Ni,655919,,,Yes,Japan,,det_2234,Nickel grade: 1.69%
808,COM01248.00,2014,O.Ni,1610412,,,Yes,China,,det_2234,Nickel grade: 1.54%
809,COM01248.00,2014,O.Ni,797996,,,Yes,China,,det_2234,Nickel grade: 0.98%
810,COM01248.00,2014,O.Ni,4023354,Taganito HPAL Nickel Corporation,,No,,,det_2234,Nickel grade: 1%
811,COM01248.00,2015,O.Ni,647191,,,Yes,Japan,,det_2234,Nickel grade: 1.7%
812,COM01248.00,2015,O.Ni,1853716,,,Yes,China,,det_2234,Nickel grade: 1.5%
813,COM01248.00,2015,O.Ni,813473,,,Yes,China,,det_2234,Nickel grade: 0.96%
814,COM01248.00,2015,O.Ni,4426288,Taganito HPAL Nickel Corporation,,No,,,det_2234,Nickel grade: 1.09%
815,COM01248.00,2016,O.Ni,601870,,,Yes,Japan,,det_2234,Nickel grade: 1.72%
816,COM01248.00,2016,O.Ni,1735821,,,Yes,China,,det_2234,Nickel grade: 1.54%
817,COM01248.00,2016,O.Ni,1545824,,,Yes,China,,det_2234,Nickel grade: 0.96%
818,COM01248.00,2016,O.Ni,4113167,Taganito HPAL Nickel Corporation,,No,,,det_2234,Nickel grade: 1.12%
819,COM01248.00,2017,O.Ni,739570,,,Yes,Japan,,det_1447,Nickel grade: 1.63%
820,COM01248.00,2017,O.Ni,2315279,,,Yes,China,,det_1447,Nickel grade: 1.49%
821,COM01248.00,2017,O.Ni,4589953,Taganito HPAL Nickel Corporation,,No,,,det_1447,Nickel grade: 1.09%
822,COM01248.00,2018,O.Ni,647184,,,Yes,Japan,,det_1447,Nickel grade: 1.68%
823,COM01248.00,2018,O.Ni,3364269,,,Yes,China,,det_1447,Nickel grade: 1.52%
824,COM01248.00,2018,O.Ni,546534,,,Yes,China,,det_1447,Nickel grade: 0.95%
825,COM01248.00,2018,O.Ni,4252688,Taganito HPAL Nickel Corporation,,No,,,det_1447,Nickel grade: 1.08%
826,COM01248.00,2019,O.Ni,593203,,,Yes,Japan,,det_1447,Nickel grade: 1.63%
827,COM01248.00,2019,O.Ni,3585087,,,Yes,China,,det_1447,Nickel grade: 1.57%
828,COM01248.00,2019,O.Ni,56900,,,Yes,China,,det_1447,Nickel grade: 0.99%
829,COM01248.00,2019,O.Ni,4927721,Taganito HPAL Nickel Corporation,,No,,,det_1447,Nickel grade: 1.08%
830,COM01254.00,2004,Con.Fe,310000,Geraldton Port,"Truck, Rail",,,July-June,det_2385,
831,COM01254.00,2004,Con.Fe,162000,Geraldton Port,"Truck, Rail",,,July-June,det_2385,
832,COM01254.00,2006,Con.Fe,832000,Geraldton Port,"Truck, Rail",,,July-June,det_2383,
833,COM01254.00,2006,Con.Fe,503000,Geraldton Port,"Truck, Rail",,,July-June,det_2383,
834,COM01254.00,2007,Con.Fe,1425000,Geraldton Port,"Truck, Rail",,,July-June,det_2382,
835,COM01254.00,2007,Con.Fe,976000,Geraldton Port,"Truck, Rail",,,July-June,det_2382,
836,COM01254.00,2008,Con.Fe,1732000,Geraldton Port,"Truck, Rail",,,July-June,det_2382,
837,COM01254.00,2008,Con.Fe,753000,Geraldton Port,"Truck, Rail",,,July-June,det_2382,
838,COM01254.00,2009,Con.Fe,1383000,Geraldton Port,"Truck, Rail",,,July-June,det_2381,
839,COM01254.00,2009,Con.Fe,1297000,Geraldton Port,"Truck, Rail",,,July-June,det_2381,
840,COM01254.00,2010,Con.Fe,1826000,Geraldton Port,"Truck, Rail",,,July-June,det_2381,
841,COM01254.00,2010,Con.Fe,1260000,Geraldton Port,"Truck, Rail",,,July-June,det_2381,
842,COM01254.00,2011,Con.Fe,1184000,Geraldton Port,"Truck, Rail",,,July-June,det_2380,
843,COM01254.00,2011,Con.Fe,1641000,Geraldton Port,"Truck, Rail",,,July-June,det_2380,
844,COM01254.00,2012,Con.Fe,880000,Geraldton Port,"Truck, Rail",,,July-June,det_2380,
845,COM01254.00,2012,Con.Fe,737000,Geraldton Port,"Truck, Rail",,,July-June,det_2380,
846,COM01254.00,2013,Con.Fe,1631000,Geraldton Port,"Truck, Rail",,,July-June,det_2379,
847,COM01254.00,2013,Con.Fe,882000,Geraldton Port,"Truck, Rail",,,July-June,det_2379,
848,COM01254.00,2014,Con.Fe,2187000,Geraldton Port,"Truck, Rail",,,July-June,det_2379,
849,COM01254.00,2014,Con.Fe,622000,Geraldton Port,"Truck, Rail",,,July-June,det_2379,
850,COM01257.00,2007,F.coal,6310400,Tarahan Port,,,,,det_2421,
851,COM01257.00,2007,F.coal,1695690,Kertapati Port,,,,,det_2421,
852,COM01257.00,2008,F.coal,8388400,Tarahan Port,,,,,det_1513,
853,COM01257.00,2008,F.coal,1900030,Kertapati Port,,,,,det_1513,
854,COM01257.00,2009,F.coal,8498150,Tarahan Port,,,,,det_1513,
855,COM01257.00,2009,F.coal,1956430,Kertapati Port,,,,,det_1513,
856,COM01257.00,2010,F.coal,8712100,Tarahan Port,,,,,det_1513,
857,COM01257.00,2010,F.coal,2050940,Kertapati Port,,,,,det_1513,
858,COM01257.00,2011,F.coal,9368000,Tarahan Port,,,,,det_2420,
859,COM01257.00,2011,F.coal,2108710,Kertapati Port,,,,,det_2420,
860,COM01257.00,2012,F.coal,10217850,Tarahan Port,,,,,det_2420,
861,COM01257.00,2012,F.coal,1716165,Kertapati Port,,,,,det_2420,
862,COM01257.00,2013,F.coal,10930400,Tarahan Port,,,,,det_2420,
863,COM01257.00,2013,F.coal,1889195,Kertapati Port,,,,,det_2420,
864,COM01257.00,2014,F.coal,12690850,Tarahan Port,,,,,det_2420,
865,COM01257.00,2014,F.coal,2158575,Kertapati Port,,,,,det_2420,
866,COM01257.00,2015,F.coal,13497100,Tarahan Port,,,,,det_2420,
867,COM01257.00,2015,F.coal,2294530,Kertapati Port,,,,,det_2420,
868,COM01257.00,2016,F.coal,14706099,Tarahan Port,,,,,det_1512,
869,COM01257.00,2016,F.coal,3014728,Kertapati Port,,,,,det_1512,
870,COM01257.00,2017,F.coal,18261978,Tarahan Port,,,,,det_1512,
871,COM01257.00,2017,F.coal,3101352,Kertapati Port,,,,,det_1512,
872,COM01257.00,2018,F.coal,19670165,Tarahan Port,,,,,det_1512,
873,COM01257.00,2018,F.coal,3017087,Kertapati Port,,,,,det_1512,
874,COM01257.00,2019,F.coal,20783148,Tarahan Port,,,,,det_1512,
875,COM01257.00,2019,F.coal,3458856,Kertapati Port,,,,,det_1512,
876,COM01257.00,2020,F.coal,18226112,Tarahan Port,,,,,det_1512,
877,COM01257.00,2020,F.coal,5571504,Kertapati Port,,,,,det_1512,
878,COM01282.00,2013,Con.Fe,,"Port at Marquette, Michigan",Rail,No,,,det_1237,
879,COM01282.00,2014,Con.Fe,,"Port at Marquette, Michigan",Rail,No,,,det_1234,
880,COM01282.00,2015,Con.Fe,,"Port at Marquette, Michigan",Rail,No,,,det_1950,
881,COM01282.00,2016,Con.Fe,,"Port at Marquette, Michigan",Rail,No,,,det_1949,
882,COM01282.00,2017,Con.Fe,,"Port at Marquette, Michigan",Rail,No,,,det_1235,
883,COM01282.00,2018,Con.Fe,,"Port at Marquette, Michigan",Rail,No,,,det_1948,
884,COM01282.00,2019,Con.Fe,,"Port at Marquette, Michigan",Rail,No,,,det_1233,
885,COM01283.00,2020,,,,Rail,,,,det_2826,
886,COM01290.00,2019,Con.Cu,,ILO,Rail,,,,det_1014,
887,COM01290.00,2019,Con.Mo,,ILO,Rail,,,,det_1014,
888,COM01301.00,,,,,Road,,,,det_1681,
889,COM01302.00,2019,F.coal,,,"Rail, Barge",,,,det_1411,
890,COM01303.00,2018,F.coal,,,Truck,,,,det_1431,
891,COM01305.00,2006,Me.Cu,,Silvassa,,No,,,det_2012,
892,COM01305.00,2007,Me.Cu,,Silvassa,,No,,,det_2012,
893,COM01305.00,2008,Me.Cu,,Silvassa,,No,,,det_1689,
894,COM01305.00,2009,Me.Cu,,Silvassa,,No,,,det_1689,
895,COM01305.00,2010,Me.Cu,,Silvassa,,No,,,det_1689,
896,COM01305.00,2011,Me.Cu,,Silvassa,,No,,,det_1308,
897,COM01305.00,2012,Me.Cu,,Silvassa,,No,,,det_1308,
898,COM01305.00,2013,Me.Cu,,Silvassa,,No,,,det_1308,
899,COM01305.00,2014,Me.Cu,,Silvassa,,No,,,det_1309,
900,COM01305.00,2015,Me.Cu,,Silvassa,,No,,,det_1309,
901,COM01305.00,2016,Me.Cu,,Silvassa,,No,,,det_1309,
902,COM01305.00,2017,Me.Cu,,Silvassa,,No,,,det_1307,
903,COM01305.00,2018,Me.Cu,,Silvassa,,No,,,det_1307,
904,COM01305.00,2019,Me.Cu,,Silvassa,,No,,,det_1307,
905,COM01307.00,2019,F.coal,,,"Rail, Truck",,,,det_2144,
906,COM01311.00,2019,,,,"Road, Rail",,,,det_1167,
907,COM01319.00,2013,Con.Fe,,"Port at Duluth, Minnesota",Rail,No,,,det_1237,
908,COM01319.00,2014,Con.Fe,,"Port at Duluth, Minnesota",Rail,No,,,det_1234,
909,COM01319.00,2015,Con.Fe,,"Port at Duluth, Minnesota",Rail,No,,,det_1950,
910,COM01319.00,2016,Con.Fe,,"Port at Duluth, Minnesota",Rail,No,,,det_1949,
911,COM01319.00,2017,Con.Fe,,"Port at Duluth, Minnesota",Rail,No,,,det_1235,
912,COM01319.00,2018,Con.Fe,,"Port at Duluth, Minnesota",Rail,No,,,det_1948,
913,COM01319.00,2019,Con.Fe,,"Port at Duluth, Minnesota",Rail,No,,,det_1233,
914,COM01338.00,2019,F.stc,,,Truck,,,,det_1399,
915,COM01343.00,2008,F.coal,,,Rail,,,,det_1422,
916,COM01351.00,2019,F.coal,,,"Rail, Export Vessel",,,,det_2144,
917,COM01353.00,2019,F.coal,,,"Rail, Truck, Barge",,,,det_1411,
918,COM01355.00,2018,,,,"Road, Air, Sea",,,,det_1065,
919,COM01360.00,2019,F.stc,,,Rail,,,,det_1399,
920,COM01362.00,2015,F.coal,,,"Rail, Truck",,,,det_1417,
921,COM01364.00,2011,O.Fe,,Port of Buchanan,Rail,No,,,det_1923,
922,COM01364.00,2012,O.Fe,,Port of Buchanan,Rail,No,,,det_1922,
923,COM01364.00,2013,O.Fe,,Port of Buchanan,Rail,No,,,det_1220,
924,COM01364.00,2014,O.Fe,,Port of Buchanan,Rail,No,,,det_1221,
925,COM01364.00,2015,O.Fe,,Port of Buchanan,Rail,No,,,det_1921,
926,COM01364.00,2016,O.Fe,,Port of Buchanan,Rail,No,,,det_1920,
927,COM01364.00,2017,O.Fe,,Port of Buchanan,Rail,No,,,det_1919,
928,COM01364.00,2018,O.Fe,,Port of Buchanan,Rail,No,,,det_1918,
929,COM01364.00,2019,O.Fe,,Port of Buchanan,Rail,No,,,det_1218,
930,COM01370.00,2019,F.coal,,,"Truck, Rail",,,,det_2144,
931,COM01371.00,2019,F.coal,,,Truck,,,,det_2144,
932,COM01373.00,2019,F.coal,,,"Rail, Export Vessel",,,,det_2144,
933,COM01376.00,2003,F.coal,,,Rail,,,,det_1425,
934,COM01378.00,2013,Me.Al2O3,,Bayside,,Yes,,,det_1136,
935,COM01378.00,2019,Me.Al2O3,,Hillside,,Yes,,,det_1147,
936,COM01380.01,2019,O.Al,,Chalco Henan Branch,"Rail, Road",No,,,det_1274,
937,COM01380.03,2019,O.Al,,Chalco Henan Branch,"Rail, Road",No,,,det_1274,
938,COM01380.04,2019,O.Al,,Chalco Henan Branch,"Rail, Road",No,,,det_1274,
939,COM01385.00,2019,O.Al,,Chalco Henan Branch,"Rail, Road",No,,,det_1274,
940,COM01390.00,,,,Port Hedland,Rail,,,,det_1608,
941,COM01392.00,2019,O.Al,,Chalco Shandong Branch,"Rail, Road",No,,,det_1274,
